{
  "project_info": {
    "project_number": "221231833713",
    "firebase_url": "https://projetodelivery-571f9-default-rtdb.firebaseio.com",
    "project_id": "projetodelivery-571f9",
    "storage_bucket": "projetodelivery-571f9.appspot.com"
  },
  "client": [
    {
      "client_info": {
        "mobilesdk_app_id": "1:221231833713:android:8d79ce6346d7111df9f1d0",
        "android_client_info": {
          "package_name": "br.com.projetoDelivery"
        }
      },
      "oauth_client": [
        {
          "client_id": "221231833713-c5bbb1hg468t8a39hfstjrekusitt4f7.apps.googleusercontent.com",
          "client_type": 1,
          "android_info": {
            "package_name": "br.com.projetoDelivery",
            "certificate_hash": "088357cfc4f404e58e9569499e08b650f13e86a8"
          }
        },
        {
          "client_id": "221231833713-60ghv01h012ke3avit209ign90q78kl4.apps.googleusercontent.com",
          "client_type": 3
        }
      ],
      "api_key": [
        {
          "current_key": "AIzaSyDD3sPR0o1_JFldxUGRR1BBddB94nZZCF8"
        }
      ],
      "services": {
        "appinvite_service": {
          "other_platform_oauth_client": [
            {
              "client_id": "221231833713-60ghv01h012ke3avit209ign90q78kl4.apps.googleusercontent.com",
              "client_type": 3
            }
          ]
        }
      }
    }
  ],
  "configuration_version": "1"
}